4 Step RocknRoll,Backdrop,Ball change
4 Step RocknRoll,Basic Step,Basic step
4 Step RocknRoll,Back to Back,Basic movement
4 Step RocknRoll,Backdrop,Basic movement
4 Step RocknRoll,Back to Back,Basic step
4 Step RocknRoll,Carousel,Chasse
4 Step RocknRoll,Cross Arms (R over L Turn),Cross-body lead
4 Step RocknRoll,Double Spins,Free spin
4 Step RocknRoll,He She,Other
4 Step RocknRoll,Hellicopter,Heel turn
4 Step RocknRoll,Hey You,Heel turn
4 Step RocknRoll,Hellicopter,Heel pull
4 Step RocknRoll,Hey You,Heel pull
4 Step RocknRoll,Elbow Turn,Heel turn
4 Step RocknRoll,Kicks,Kick
4 Step RocknRoll,Madison Walk,Moonwalk
4 Step RocknRoll,Waddle,Walk
4 Step RocknRoll,Waist Swirl,Free spin
4 Step RocknRoll,Walk Around,Walk
4 Step RocknRoll,Walk n Spin,Walk
4 Step RocknRoll,Walk Thru,Walk
4 Step RocknRoll,Walk Thru Lady Turn,Walk
4 Step RocknRoll,Washing Machine,Walk
4 Step RocknRoll,Waves,Walk
4 Step RocknRoll,Return,Reverse turn
4 Step RocknRoll,Return - Spinout,Reverse turn
4 Step RocknRoll,Return With Turns,Reverse turn
4 Step RocknRoll,Reverse American Spin,Reverse turn
4 Step RocknRoll,Reverse Knots,Reverse turn
4 Step RocknRoll,Reverse Rollercoaster,Reverse turn
4 Step RocknRoll,Reverse Wrap,Reverse turn
4 Step RocknRoll,Rockabilly * 2,Rond
4 Step RocknRoll,Rollercoaster,Rond
4 Step RocknRoll,The Flick,Thunder clap
4 Step RocknRoll,The Swim,Thunder clap
4 Step RocknRoll,The Tunnel,Other
4 Step RocknRoll,The Twirl,Thunder clap
4 Step RocknRoll,The Wheel,Thunder clap
4 Step RocknRoll,This Way & That,Thunder clap
4 Step RocknRoll,Thread the Needle,Thunder clap
4 Step RocknRoll,Spin Dryer,Free spin
4 Step RocknRoll,Spin n Tap,Free spin
4 Step RocknRoll,Spinacross,Free spin
4 Step RocknRoll,Spinning Lady,Free spin
4 Step RocknRoll,Spinout,Free spin
4 Step RocknRoll,Spinout - Half Knots,Free spin
4 Step RocknRoll,Spinout With Turns,Free spin
4 Step RocknRoll,All In One,Other
4 Step RocknRoll,American Spin Stepback,Free spin
4 Step RocknRoll,Armbreaker,Other
4 Step RocknRoll,Armslide,Other
4 Step RocknRoll,Around The Corner,Natural turn
4 Step RocknRoll,Betty Boop,Other
4 Step RocknRoll,Billy Tease,Other
4 Step RocknRoll,Bull Fighter,Other
4 Step RocknRoll,Bumps,Other
4 Step RocknRoll,Cuddle,Other
4 Step RocknRoll,Cuddle and Spinout,Other
4 Step RocknRoll,Cuddle Around,Other
4 Step RocknRoll,Cuddle Left Side,Other
4 Step RocknRoll,Cuddle To Armchair,Other
4 Step RocknRoll,Cuddle to Cuddle,Other
4 Step RocknRoll,Cuddle Walk,Walk
4 Step RocknRoll,Cuddle with Heels,Heel pull
4 Step RocknRoll,Double Dip,Other
4 Step RocknRoll,Double Rotary Turning,Other
4 Step RocknRoll,Double Turn Windup,Open turn
4 Step RocknRoll,Ducktail,Other
4 Step RocknRoll,Egg Beater,Other
4 Step RocknRoll,Flicks To Lollipop,Other
4 Step RocknRoll,Flying Arms * 3,Other
4 Step RocknRoll,Flying Arms With Snap,Other
4 Step RocknRoll,Front Drop Back,Other
4 Step RocknRoll,Happy Hands,Other
4 Step RocknRoll,Howdy Doody,Other
4 Step RocknRoll,Kicks,Kick
4 Step RocknRoll,Knees Up,Other
4 Step RocknRoll,Knot n Spin,Free spin
4 Step RocknRoll,Knot n Spin Man Turns,Free spin
4 Step RocknRoll,Knots,Other
4 Step RocknRoll,Knots Left Side,Other
4 Step RocknRoll,Madison Thread The Needle,Other
4 Step RocknRoll,Madison Walk,Walk
4 Step RocknRoll,Man's Waist Lead,Other
4 Step RocknRoll,Manhatten,Other
4 Step RocknRoll,Merry Go Round,Other
4 Step RocknRoll,Neck Chop,Other
4 Step RocknRoll,Neckbreaker,Other
4 Step RocknRoll,Neckbreaker with Walk,Walk
4 Step RocknRoll,One Arm Cuddle,Other
4 Step RocknRoll,One Arm Cuddle Ext,Other
4 Step RocknRoll,Over & Under,Other
4 Step RocknRoll,Peek a Boo,Other
4 Step RocknRoll,Pick Pocket,Other
4 Step RocknRoll,Reverse American Spin,Free spin
4 Step RocknRoll,Right & Left Turn,Reverse turn
4 Step RocknRoll,Right Hand Rockabilly Ext,Other
4 Step RocknRoll,Shoulder Roll,Other
4 Step RocknRoll,Shoulder Tap,Other
4 Step RocknRoll,Side Pass,Other
4 Step RocknRoll,Skirt Flutter,Other
4 Step RocknRoll,Slidding Doors,Other
4 Step RocknRoll,Slip Cuddle,Other
4 Step RocknRoll,Stomp,Other
4 Step RocknRoll,Stop n Go,Other
4 Step RocknRoll,Straddle,Other
4 Step RocknRoll,Stroll,Other
4 Step RocknRoll,Sugar Push,Other
4 Step RocknRoll,Sweetheart,Other
4 Step RocknRoll,Sweetheart Ext,Other
4 Step RocknRoll,Sweetheart into Cuddle,Other
4 Step RocknRoll,Sweetheart to Cuddle,Other
4 Step RocknRoll,Sweetheart to Sweetheart,Other
4 Step RocknRoll,Sweetheart Turns,Natural turn
4 Step RocknRoll,The Walk,Walk
4 Step RocknRoll,This Way & That With Turns,Natural turn
4 Step RocknRoll,Throw Away Teddy,Other
4 Step RocknRoll,Tornado,Other
4 Step RocknRoll,Travel,Other
4 Step RocknRoll,Tummy Tickle,Other
4 Step RocknRoll,Turn About,Natural turn
4 Step RocknRoll,Twister,Other
4 Step RocknRoll,Underarm Pass,Other
4 Step RocknRoll,vvv move,Other
4 Step RocknRoll,Waddle,Other
4 Step RocknRoll,Waist Swirl,Other
4 Step RocknRoll,Whirlwind,Other
4 Step RocknRoll,Wurlitzer,Other
4 Step RocknRoll,American Spin,Free spin
4 Step RocknRoll,Around The World,Other
4 Step RocknRoll,Half Knots,Other
4 Step RocknRoll,Rockabilly Turn,Open turn
Argentine Tango,Basic Corte,Basic figure
Argentine Tango,Basic Corte,Basic movement
Argentine Tango,Basic Corte,Basic step
Argentine Tango,Change of Places,Chaines / Chain turns / Chaines turns
Argentine Tango,Change of Places,Closed change
Argentine Tango,Closed Promenade,Closed change
Argentine Tango,Cross Body Lead to Triple Swivel,Cross-body lead
Argentine Tango,Gancho to Outside Swivel,Gancho
Argentine Tango,Open Left Turn,Open turn
Argentine Tango,Open Left Turn to Outside Swivel,Open turn
Argentine Tango,Open Promenade,Open turn
Argentine Tango,Outside Swivel,Outside partner step
Argentine Tango,Outside Swivel,Outside turn
Argentine Tango,Rock to Promenade,Rond
Argentine Tango,Contra Rock,Other
Argentine Tango,Contra Rock to Reverse Pivot,Other
Argentine Tango,Left-Turning Rock,Other
Argentine Tango,Open Promenade,Other
Argentine Tango,Progressive Rocks,Other
Argentine Tango,Promenade Pivot,Other
Argentine Tango,Promenade Release to Open Fan,Other
Argentine Tango,Promenade Release to Underarm Turn Left,Natural turn
Argentine Tango,Promenade With Left Swivel,Other
Argentine Tango,Promenade With Right Turn,Natural turn
Argentine Tango,Shadow Rocks,Other
Argentine Tango,Basic Step,Basic step
Ballet,Grand jete,Grapevine
Ballet,Split,Free spin
Ballet,Posse,Other
Ballet,Developpe,Other
Ballet,Arabesque,Other
Ballet,Couru,Other
Ballet,Fondu,Other
Ballet,Fouette,Other
Ballet,Plie,Other
Ballroom Cha Cha,Chase,Chasse
Ballroom Cha Cha,Cross Basic,Cross-body lead
Ballroom Cha Cha,Natural Top,Natural turn
Ballroom Cha Cha,Open Hip Twist,Open turn
Ballroom Cha Cha,Spot Turn,Outside turn
Ballroom Cha Cha,Rock in Place,Rond
Ballroom Cha Cha,There and Back,Other
Ballroom Cha Cha,Three Cha Chas,Thunder clap
Ballroom Cha Cha,Time Steps,Time Step
Ballroom Cha Cha,Spiral,Free spin
Ballroom Cha Cha,Spot Turn,Free spin
Ballroom Cha Cha,Alemana,Other
Ballroom Cha Cha,Cuban Breaks,Other
Ballroom Cha Cha,Cuban Rock,Other
Ballroom Cha Cha,Cucaracha,Other
Ballroom Cha Cha,Curl,Other
Ballroom Cha Cha,Double Spot Turn,Natural turn
Ballroom Cha Cha,Ladies Underarm Turn,Natural turn
Ballroom Cha Cha,Shoulder to Shoulder,Other
Ballroom Cha Cha,Side Step (Chasses),Chasse
Ballroom Cha Cha,Aida,Other
Ballroom Cha Cha,Basic Step,Basic step
Ballroom Cha Cha,Fan,Other
Ballroom Cha Cha,Hand to Hand,Other
Ballroom Cha Cha,Hockey Stick,Other
Ballroom Cha Cha,New York,Other
Ballroom Cha Cha,Reverse Top,Reverse turn
Ballroom Cha Cha,Rope Spinning,Rond
Ballroom Cha Cha,Sweetheart,Other
Ballroom Jive,Back Basic,Ball change
Ballroom Jive,Back Basic,Basic figure
Ballroom Jive,Back Basic,Basic movement
Ballroom Jive,Back Basic,Basic step
Ballroom Jive,Change of Hands Behind Back,Chaines / Chain turns / Chaines turns
Ballroom Jive,Change of Places Left to Right,Chaines / Chain turns / Chaines turns
Ballroom Jive,Change of Places Right to Left,Chaines / Chain turns / Chaines turns
Ballroom Jive,Chugging,Chaines / Chain turns / Chaines turns
Ballroom Jive,Change of Hands Behind Back,Closed change
Ballroom Jive,Change of Places Left to Right,Closed change
Ballroom Jive,Change of Places Right to Left,Closed change
Ballroom Jive,Chicken Walks,Walk
Ballroom Jive,Chugging,Chasse
Ballroom Jive,Mooch,Moonwalk
Ballroom Jive,Walks,Walk
Ballroom Jive,Walks (Triple Count),Walk
Ballroom Jive,Reverse Whip,Reverse turn
Ballroom Jive,Spanish Arms,Free spin
Ballroom Jive,American Spin,Free spin
Ballroom Jive,Catapult,Other
Ballroom Jive,Curly Whip,Other
Ballroom Jive,Fallaway Rock,Other
Ballroom Jive,Fallaway Throwaway,Other
Ballroom Jive,Hip Bump,Other
Ballroom Jive,Link,Other
Ballroom Jive,Miami Special,Other
Ballroom Jive,Rolling Off The Arm,Other
Ballroom Jive,Shoulder Spin,Free spin
Ballroom Jive,Simple Spin,Free spin
Ballroom Jive,Stalking Walks Flicks and Break,Other
Ballroom Jive,Stop and Go,Other
Ballroom Jive,Toe Heel Swivels,Other
Ballroom Jive,Whip,Other
Ballroom Jive,Whip Throwaway,Other
Ballroom Jive,Windmill,Other
Ballroom Paso Doble,Banderillas,Basic step
Ballroom Paso Doble,Chasse Cape (including Outside Turn),Chasse
Ballroom Paso Doble,Chasses to Right,Chasse
Ballroom Paso Doble,Fregolina / Farol,Free spin
Ballroom Paso Doble,Grand Circle,Grapevine
Ballroom Paso Doble,Open Promenade to Open Counter Promenade,Open turn
Ballroom Paso Doble,Open Telemark,Open turn
Ballroom Paso Doble,Spanish Line,Free spin
Ballroom Paso Doble,Spanish Lines,Free spin
Ballroom Paso Doble,Coup de Pique,Other
Ballroom Paso Doble,Deplacement / Attack,Other
Ballroom Paso Doble,Drag,Other
Ballroom Paso Doble,Ecart,Other
Ballroom Paso Doble,Fallaway Reverse Turn,Reverse turn
Ballroom Paso Doble,Flamenco Taps,Time Step
Ballroom Paso Doble,Huit,Other
Ballroom Paso Doble,La Passe,Other
Ballroom Paso Doble,Attack,Other
Ballroom Paso Doble,Sur Place (on the spot),Other
Ballroom Paso Doble,Separation,Other
Ballroom Paso Doble,Left Foot Variation,Other
Ballroom Paso Doble,Promenade Close,Other
Ballroom Paso Doble,Promenade and Counter Promenade,Other
Ballroom Paso Doble,Separation with Fallaway Ending,Other
Ballroom Paso Doble,Separation with Ladys Caping Walks,Walk
Ballroom Paso Doble,Sixteen,Other
Ballroom Paso Doble,Sur Place,Other
Ballroom Paso Doble,Syncopated Separation,Other
Ballroom Paso Doble,Traveling Spins from Counter Promenade Position,Other
Ballroom Paso Doble,Traveling Spins from Promenade Position,Other
Ballroom Paso Doble,Twist Turn,Natural turn
Ballroom Paso Doble,Twists,Other
Ballroom Paso Doble,Basic Step,Basic step
Ballroom Paso Doble,Chasses to Right,Chasse
Ballroom Paso Doble,Promenade,Other
Ballroom Paso Doble,Promenade Link,Other
Ballroom Rumba,Closed Hip Twist,Closed change
Ballroom Rumba,Natural Opening Out,Natural turn
Ballroom Rumba,Open Hip Twist,Open turn
Ballroom Rumba,Opening Out from Reverse Top,Open turn
Ballroom Rumba,Opening Out to R & L,Open turn
Ballroom Rumba,Reverse Top,Reverse turn
Ballroom Rumba,Rope Spinning,Rond
Ballroom Rumba,Three Alemanas,Other
Ballroom Rumba,Three Threes,Thunder clap
Ballroom Rumba,Side Steps,Time Step
Ballroom Rumba,Spot Turns,Free spin
Ballroom Rumba,Advanced Hip Twists,Other
Ballroom Rumba,Aida,Other
Ballroom Rumba,Circular Hip Twists,Other
Ballroom Rumba,Continuous Hip Twists,Other
Ballroom Rumba,Fan,Other
Ballroom Rumba,Hockey Stick,Other
Ballroom Rumba,Alemana Turn,Other
Ballroom Rumba,La Elenita,Other
Ballroom Rumba,Fencing Line,Other
Ballroom Rumba,Hip Rolls,Other
Ballroom Rumba,El Paseo,Other
Ballroom Rumba,Cuban Rocks,Other
Ballroom Rumba,Curarachas,Other
Ballroom Rumba,Fencing,Other
Ballroom Rumba,Hand to Hand,Other
Ballroom Rumba,Hip Twists,Other
Ballroom Rumba,New York,Other
Ballroom Rumba,Progressive Walks,Walk
Ballroom Rumba,Sliding Doors,Other
Ballroom Rumba,Underarm Turns,Open turn
Ballroom Rumba,Alemana,Other
Ballroom Rumba,Basic Step,Basic step
Ballroom Rumba,Curl,Other
Ballroom Rumba,Natural Top,Natural turn
Ballroom Rumba,Open Hip Twist,Open turn
Ballroom Rumba,Shoulder to Shoulder,Other
Ballroom Rumba,Spiral,Free spin
Ballroom Samba,Kick Change,Kick
Ballroom Samba,Voltas,Other
Ballroom Samba,Bota Fogos,Other
Ballroom Samba,Kick Change,Closed change
Ballroom Samba,Samba Side Steps,Basic step
Ballroom Samba,Samba Strut,Other
Break Dance,Freeze,Free spin
Break Dance,The Toprock,Other
Break Dance,The Footwork,Thunder clap
Break Dance,The Drops,Thunder clap
Break Dance,The Power Moves,Other
Break Dance,Suicide,Other
Cha Cha,Cha Cha Chasse,Chasse
Cha Cha,The Hockey Stick,Other
Cha Cha,The New York,Other
Cha Cha,The Alemana Turn,Open turn
Cha Cha,The Zig-Zag,Other
Cha Cha,The Fan,Other
Cha Cha,Manita a Mano,Other
Cha Cha,The New York bus stop,Other
Cha Cha,El Mojito,Other
Cha Cha,Underarm Spot Turns,Natural turn
Cha Cha,The Liquidizer,Other
Cha Cha,The Alemana Turn,Natural turn
Cha Cha,El Paseo,Other
Cha Cha,The Peek-a-Boo,Other
Charleston,The Kick,Kick
Charleston,Swingin' Arms,Other
Charleston,Tandem Position,Other
Country Dance,Brush Kick,Kick
Country Dance,Grapevine,Grapevine
Salsa,Bolsero,Basic step
Salsa,Clockwork,Closed change
Salsa,Crossover,Cross-body lead
Salsa,Enchufla (doble),Enchufla
Salsa,Enchufla Arriba con Vuelta,Enchufla
Salsa,Besame,Other
Salsa,Candado (doble),Other
Salsa,Coca Cola,Other
Salsa,Cuban Turn,Natural turn
Salsa,Daiquari,Other
Salsa,Dame Arriba con Vuelta,Other
Salsa,Dame Latina,Other
Salsa,Di Le Que Si,Other
Salsa,El Doce,Other
Salsa,El Dos,Other
Salsa,El Puente,Other
Salsa,El Salao,Other
Salsa,Evelin,Other
Salsa,Flor,Other
Salsa,Guapea Basic,Other
Salsa,Havana La Cubana,Other
Salsa,Kentuky,Other
Salsa,La Havana,Other
Salsa,La Montana,Other
Salsa,La Una,Other
Salsa,Ochenta Quatro,Other
Salsa,Prima (Adios),Other
Salsa,Prima (Adios) con la Familia,Other
Salsa,Prima (Adios) con la Hermana,Other
Salsa,Prima Con La Familia,Other
Salsa,Quarenta Cinco,Other
Salsa,Siete Loco,Other
Salsa,Uno,Other
Salsa,Zero,Other
Disco,Point,Other
Disco,Hustle,Other
Disco,Electric Slide,Other
Foxtrot,Back Twinkle,Ball change
Foxtrot,Back Twinkle,Basic figure
Foxtrot,Back Twinkle,Basic movement
Foxtrot,Back Twinkle,Basic step
Foxtrot,Grapevines,Grapevine
Foxtrot,Hesitation Left Turn,Heel turn
Foxtrot,Hesitation Right Turn,Heel turn
Foxtrot,Feather Step,Feather step
Foxtrot,Backward Changes,Other
Foxtrot,Forward Basic,Basic step
Foxtrot,Forward Changes Outside Partner,Closed change
Foxtrot,Left Box (Reverse) Turn,Natural turn
Foxtrot,Progressive Quarter Turns,Chasse
Foxtrot,Progressive Quarter Turns to Right,Natural turn
Foxtrot,Promenade,Other
Foxtrot,Promenade Check,Other
Foxtrot,Promenade Pivot,Other
Foxtrot,Promenade Twist Turn,Natural turn
Foxtrot,Promenade with Underarm Turn to Left,Inside turn
Foxtrot,Promenade with Underarm Turn to Right,Inside turn
Foxtrot,Right Box (Natural) Turn,Natural turn
Foxtrot,Right Pivot Turn,Natural turn
Foxtrot,Twinkle,Other
Foxtrot,Weave,Other
Foxtrot,Back Basic,Ball change
Foxtrot,Side Sway,Other
Hip Hop,Walk It Out,Walk
Hip Hop,Cabbage Patch Dance,Other
Hip Hop,Do the Cabbage Patch Dance,Other
Hustle Dance,basic Hustle steps,Basic step
Hustle Dance,Ball change,Ball change
Jazz,Basic Jazz Square,Basic figure
Jazz,Basic Jazz Square,Basic movement
Jazz,Straddle Jump,Other
Jazz,Complete Jazz Warm-Up,Other
Jazz,Jazz Isolation Routine,Other
Jazz,Running Man,Other
Jazz,Stag Leap,Other
Jazz,Do the Running Man,Other
Jazz,Do an Attitude Turn,Other
Jitterbug,Banana Split,Basic figure
Jitterbug,Basic Triple Time 6-count Swing,Basic figure
Jitterbug,Basic Triple Time 6-count Swing,Basic movement
Jitterbug,Banana Split,Basic step
Jitterbug,Basic Triple Time 6-count Swing,Basic step
Jitterbug,Cross hand Tuck Turn,Cross-body lead
Jitterbug,Pretzel,Other
Ballroom Jive,chasse to the left (counts 3&4),Chaines / Chain turns / Chaines turns
Ballroom Jive,Chicken Walks,Chasse
Ballroom Jive,chasse to the right,Chasse
Ballroom Jive,chasse to the left (counts 3&4),Chasse
Ballroom Jive,rock step (counts 1&amp;2),Rond
Ballroom Jive,Throwaway,Thunder clap
Ballroom Jive,Jig Walks,Walk
Ballroom Jive,Arm Breaker,Other
Ballroom Jive,Comb,Other
Lindy Hop,Lindy Circle,Other
Lindy Hop,Swing Out,Other
Line Dance,Chasse1,Chasse
Line Dance,Triple Step,Time Step
Line Dance,Brush Kick,Other
Line Dance,Triple Step,Basic step
Line Dance,Shuffle,Other
Mambo,Back Pass,Ball change
Mambo,Back Spot Turn,Open turn
Mambo,Cross Body Lead,Cross-body lead
Mambo,Crossover Breaks Back,Cross-body lead
Mambo,Crossover Breaks Forward,Cross-body lead
Mambo,Crossover Points,Cross-body lead
Mambo,Crossover Swivels,Cross-body lead
Mambo,Crossover Turns,Cross-body lead
Mambo,In & Out Turn,Inside turn
Mambo,Los Giros Locos,Other
Mambo,Apache Turn,Open turn
Mambo,Open Break,Open turn
Mambo,Crossover Turns,Reverse turn
Mambo,Spot Turn in Two Directions,Free spin
Mambo,Back Spot Turn,Natural turn
Mambo,Circling Swivels,Other
Mambo,El Molinito,Other
Mambo,El Mojito,Other
Mambo,La Cucuracha,Other
Mambo,Manita a Mano,Other
Mambo,New York Bus Stop,Other
Mambo,New York,Other
Mambo,Fallaway Rock & Swivel,Other
Mambo,Fifth Position Breaks,Other
Mambo,Forward Spot Turn,Natural turn
Mambo,Half Moon,Other
Mambo,In & Out Turn,Outside turn
Mambo,Progressive Basic,Basic figure
Mambo,Progressive Underarm Turns,Natural turn
Mambo,Promenade Swivels,Other
Mambo,Right Side Passes,Other
Mambo,Side Breaks,Other
Mambo,Slingshot Turns,Natural turn
Mambo,Step-Over Swivels,Other
Mambo,Traveling Underarm Turn to Right,Open turn
Mambo,Turnstyle,Other
Mambo,Underarm Turn to Left,Natural turn
Mambo,Underarm Turn to Right,Natural turn
Mambo,Basic Step,Basic step
Mambo,Chase,Chasse
Mambo,Open Reverse Turn,Open turn
Merengue,Backward Basic Step,Basic step
Merengue,Backward Basic Step,Basic figure
Merengue,Side Basic Step,Basic step
Merengue,Forward Basic Step,Basic step
Merengue,Merengue Turns,Open turn
Quickstep,Lock Step,Lock
Quickstep,Chasse,Chasse
Quickstep,Outside Change,Closed change
Quickstep,Change of Direction,Chasse
Quickstep,Crosse Chasse,Chasse
Quickstep,Forward Check Step,Feather step
Quickstep,Cross Swivel,Cross-body lead
Quickstep,Natural Hairpin,Natural turn
Quickstep,Natural Spin Turn,Natural turn
Quickstep,Natural Turn to Back Lock,Natural turn
Quickstep,Natural Turn with Hesitation,Natural turn
Quickstep,Outside Change,Outside partner step
Quickstep,Reverse Pivot,Reverse turn
Quickstep,Tipsy to Right and Left,Time Step
Quickstep,Fishtail,Other
Quickstep,Forward Lock,Lock
Quickstep,FOur Quick Run,Other
Quickstep,Hover Corte,Other
Quickstep,Rise and Fall,Other
Quickstep,Running Finish,Other
Quickstep,Hover Corte,Other
Quickstep,V-6 Combination,Other
Quickstep,Progressive Chasse,Chasse
Quickstep,Progressive Chasse to Right,Chasse
Quickstep,Quarter Turn,Natural turn
Quickstep,Rumba Cross,Cross-body lead
Quickstep,Running Right Turn,Natural turn
Quickstep,Six Quick Run,Other
Quickstep,Tripple Chasse to Right,Chasse
Quickstep,V6,Other
Quickstep,Back Lock,Lock
Quickstep,Basic Step,Basic step
Quickstep,Chasse Reverse Turn,Chasse
Quickstep,Closed Impetus,Closed change
Quickstep,Closed Telemark,Closed change
Quickstep,Double Reverse Spin,Reverse turn
Quickstep,Natural Pivot Turn,Natural turn
Quickstep,Natural Turn,Natural turn
Quickstep,Quick Open Reverse,Reverse turn
Quickstep,Reverse Turn,Reverse turn
Robot Dance,The MoonWalk,Moonwalk
Robot Dance,Arm Swaying,Other
Robot Dance,Arrested Robot,Other
Robot Dance,The Arm Wave,Other
Rockabilly,Back Spin,Free spin
Rockabilly,Back Slide,Basic figure
Rockabilly,Back Slide Turn Left Hand,Natural turn
Rockabilly,Back Slide Turn Right Hand,Natural turn
Rockabilly,Ballroom Move,Basic figure
Rockabilly,Basic Swap,Basic figure
Rockabilly,Back Slide,Basic movement
Rockabilly,Back Slide Turn Left Hand,Basic movement
Rockabilly,Back Slide Turn Right Hand,Basic movement
Rockabilly,Ballroom Move,Basic movement
Rockabilly,Basic Swap,Basic movement
Rockabilly,Back Slide,Basic step
Rockabilly,Back Slide Turn Left Hand,Basic step
Rockabilly,Back Slide Turn Right Hand,Basic step
Rockabilly,Ballroom Move,Basic step
Rockabilly,Basic Swap,Basic step
Rockabilly,Boomerang,Basic step
Rockabilly,Boston Spin,Free spin
Rockabilly,Chop Chop,Other
Rockabilly,CR,Cross-body lead
Rockabilly,Cross Arms,Cross-body lead
Rockabilly,Cross Hand Figure Eight,Cross-body lead
Rockabilly,Cross Under,Cross-body lead
Rockabilly,Double Bass,Dosado
Rockabilly,Double Handed,Dosado
Rockabilly,Heel Back,Heel turn
Rockabilly,Heels With Twist Return,Heel turn
Rockabilly,Helicopter Female,Heel turn
Rockabilly,Hellicopter Male 1 & 2,Heel turn
Rockabilly,Hello and Sweetheart Cuddle,Heel turn
Rockabilly,Heel Back,Heel pull
Rockabilly,Heels With Twist Return,Heel pull
Rockabilly,Helicopter Female,Heel pull
Rockabilly,Hellicopter Male 1 & 2,Heel pull
Rockabilly,Hello and Sweetheart Cuddle,Heel pull
Rockabilly,Reject,Reverse turn
Rockabilly,Reverse Pretzel,Reverse turn
Rockabilly,Rockabilly Turn,Rond
Rockabilly,Rockabilly Walks,Rond
Rockabilly,Roll Across Front,Rond
Rockabilly,Roll Across the Front,Rond
Rockabilly,Roll Off The Arm & Stop Sign,Rond
Rockabilly,Roll Out Left Hand,Rond
Rockabilly,Roll Out Right Hand,Rond
Rockabilly,Rose Roll Out,Rond
Rockabilly,The Whip,Other
Rockabilly,Thread the Needle Female,Other
Rockabilly,Thread the Needle Male 1 & 2,Thunder clap
Rockabilly,Tivoli,Time Step
Rockabilly,Agitator,Other
Rockabilly,AJ's,Other
Rockabilly,Arm Breaker,Other
Rockabilly,Around The World,Other
Rockabilly,Back Slide,Other
Rockabilly,Break the Eight,Other
Rockabilly,Break the Eight (Advanced),Other
Rockabilly,Bullfighter,Ball change
Rockabilly,Butterly 1 2 & 3,Other
Rockabilly,Carousel 1 & 2,Chasse
Rockabilly,Cold Shoulder,Other
Rockabilly,Comb Female,Other
Rockabilly,Comb Male,Other
Rockabilly,Comb Male n Female Combination,Other
Rockabilly,Concertina,Other
Rockabilly,Confusion,Other
Rockabilly,Danni's Move,Other
Rockabilly,Double Arch,Other
Rockabilly,Double Head Lock,Lock
Rockabilly,Double Hello,Other
Rockabilly,Double Hello Rock,Other
Rockabilly,Double Roll In,Other
Rockabilly,Double Turn Into Left Cuddle,Open turn
Rockabilly,Duck,Other
Rockabilly,Elbow Spins,Free spin
Rockabilly,False Lead,Other
Rockabilly,Figure 8,Other
Rockabilly,Flick And Double Spin,Free spin
Rockabilly,Flick Reverse Spin,Free spin
Rockabilly,Flying,Other
Rockabilly,Four Spins Across Back,Free spin
Rockabilly,Half Knots,Other
Rockabilly,Hellicopter Male 1 & 2,Other
Rockabilly,Hit & Miss (Advanced),Other
Rockabilly,Hit and Miss,Other
Rockabilly,Hot Rock,Other
Rockabilly,Jail Break,Other
Rockabilly,Knee Dip,Other
Rockabilly,Lead Up,Other
Rockabilly,Left Hand Figure Eight,Other
Rockabilly,Marty,Other
Rockabilly,Melbourne Walk,Walk
Rockabilly,Neck Breaker 1 & 2,Other
Rockabilly,Peel Away,Other
Rockabilly,Pick the Pocket,Other
Rockabilly,Pick Up,Other
Rockabilly,Pipeline,Other
Rockabilly,Pretzel Left Hand,Other
Rockabilly,Pretzel Right Hand,Other
Rockabilly,Push Off 1 & 2,Other
Rockabilly,Push Pull,Other
Rockabilly,Push Pull (More Spins),Other
Rockabilly,Push Pull (Spins),Free spin
Rockabilly,Right Hand Figure Eight,Other
Rockabilly,Rockabilly Turn,Open turn
Rockabilly,Rockabilly Walks,Walk
Rockabilly,Rolling,Other
Rockabilly,Short Walk,Walk
Rockabilly,Shoulder Roll Double Turn,Natural turn
Rockabilly,Shoulder Roll Through Back,Other
Rockabilly,Shoulder Slide,Other
Rockabilly,Shoulder Walk n Shoulder Slide,Walk
Rockabilly,Show Off,Other
Rockabilly,Side By Side,Other
Rockabilly,Stop Three,Other
Rockabilly,Swivel Sticks,Other
Rockabilly,Take It Easy,Other
Rockabilly,Tangles,Other
Rockabilly,Train,Other
Rockabilly,Train With A Change,Other
Rockabilly,Triangles,Other
Rockabilly,Twirl,Other
Rockabilly,Underarm Turn (Man's Left Hand),Natural turn
Rockabilly,Underarm Turn (Man's Right Hand),Natural turn
Rockabilly,Weave,Other
Rockabilly,American Spin,Free spin
Rockabilly,Betty Boop,Other
Rockabilly,Corkscrew,Other
Rockabilly,Cross Arms,Cross-body lead
Rockabilly,Elbow Turn,Heel turn
Rockabilly,Knees Up,Other
Rockabilly,Shoulder Roll,Other
Rockabilly,Shoulder Spin,Free spin
Rockabilly,Shoulder Tap,Other
Rockabilly,Tummy Tickle,Other
Rockabilly,Twister,Other
Salsa,Back Spot Turn,Open turn
Salsa,Backflip Dip,Basic figure
Salsa,Backflip Dip,Basic movement
Salsa,Backflip Dip,Basic step
Salsa,Check with Turn,Chaines / Chain turns / Chaines turns
Salsa,Check with Turn,Open turn
Salsa,Cross Body Dip,Cross-body lead
Salsa,Cross Body into Outside Turn,Cross-body lead
Salsa,Cross Body Lead with Turn,Cross-body lead
Salsa,Cross Body with Clockwise Turn,Cross-body lead
Salsa,Double Cross Body Lead,Dosado
Salsa,Double Sombrero,Dosado
Salsa,Enchufla,Enchufla
Salsa,Waist Duck,Other
Salsa,Reverse Copa,Reverse turn
Salsa,Reverse Cross Body Lead with Turn,Reverse turn
Salsa,Roller Blind,Rond
Salsa,Ropes,Rond
Salsa,Copa,Other
Salsa,Corkscrew,Other
Salsa,Cucaracha,Other
Salsa,Death Drop,Other
Salsa,Double Reverse Cuban Turn,Reverse turn
Salsa,Drop Catch,Other
Salsa,Flash Dip,Other
Salsa,Floor Sweep,Other
Salsa,Hair Comes,Other
Salsa,Hammerlock,Other
Salsa,Hoops,Other
Salsa,Ladies Double Turns,Natural turn
Salsa,Ladies Walk Around,Walk
Salsa,Limbo,Other
Salsa,Man's Underarm Turn to Right,Open turn
Salsa,Pick The Girl Up,Other
Salsa,Quick Dip,Other
Salsa,Reverse Cross Body Lead with Turn,Cross-body lead
Salsa,Shoulder Drop to Ladies Cuban,Other
Salsa,Shoulder Lift,Other
Salsa,Sombrero,Other
Salsa,Tornado Spin Dip,Other
Salsa,Travelling Righ Hand Turn,Natural turn
Salsa,Underarm Turn with Double Head Loop,Open turn
Salsa,Basic Step,Basic step
Salsa,Cross Body Lead,Cross-body lead
Salsa,Guapea Basic,Other
Salsa,New York,Other
Salsa,Underarm Turn to Left,Natural turn
Salsa,Underarm Turn to Right,Natural turn
Square Dance,Ladies Chain,Chaines / Chain turns / Chaines turns
Square Dance,Allemande Left,Other
Square Dance,Handhold,Other
Square Dance,Promenade,Other
Square Dance,Balance,Other
Square Dance,Set,Other
Street Dance,Pop-n-Lock,Lock
Street Dance,B-boying Steps,Time Step
Street Dance,Krumping Steps,Time Step
Tango,Basic Reverse Turn,Reverse turn
Tango,Basic Walk,Basic movement
Tango,Back Corte,Basic figure
Tango,Back Open Promenade,Basic figure
Tango,Back Rocks,Basic figure
Tango,Basic Walk,Walk
Tango,Back Corte,Basic movement
Tango,Back Open Promenade,Basic movement
Tango,Back Rocks,Basic movement
Tango,Back Open Promenade,Basic step
Tango,Back Rocks,Basic step
Tango,Four Step,Basic step
Tango,Closed Promendade,Closed change
Tango,Five Step,Basic step
Tango,Natural Twist Turn,Natural turn
Tango,Open Reverse Turn to Outside Swivel,Open turn
Tango,Open Reverse Turn Lady In-Line,Open turn
Tango,Open Reverse Turn Lady Outside,Open turn
Tango,Five Step,Time Step
Tango,Reverse Endings,Reverse turn
Tango,Reverse Outside Swivel,Reverse turn
Tango,Rock Turn,Rond
Tango,The Chase,Chasse
Tango,Brush Tap,Other
Tango,Fallaway Four Step,Time Step
Tango,Fallaway Promenade,Other
Tango,Fallaway Reverse and Slip Pivot,Reverse turn
Tango,Four Step Change,Time Step
Tango,Oversway,Other
Tango,Progressive Side Step,Basic step
Tango,Promenade Link,Other
Tango,Reverse Outside Swivel,Outside turn
Tango,Rock Turn,Open turn
Tango,Contra Check,Other
Tango,Natural Promenade Turn,Natural turn
Tango,Open Reverse Turn,Open turn
Tango,Outside Swivel,Outside turn
Viennese Waltz,Closed Changes - Back,Closed change
Viennese Waltz,Natural Fleckerl,Natural turn
Viennese Waltz,Basic Natural Lilt Step,Basic figure
Viennese Waltz,Basic Reverse Lilt Step,Basic figure
Viennese Waltz,Basic Natural Lilt Step,Basic movement
Viennese Waltz,Basic Reverse Lilt Step,Basic movement
Viennese Waltz,Basic Natural Lilt Step,Basic step
Viennese Waltz,Basic Reverse Lilt Step,Basic step
Viennese Waltz,Reverse Fleckerl,Reverse turn
Viennese Waltz,Reverse Turn,Reverse turn
Viennese Waltz,Contra Check,Other
Viennese Waltz,Forward Change Step,Basic step
Viennese Waltz,Left Foot Box Step,Box step
Viennese Waltz,Right Foot Box,Box step
Viennese Waltz,Side Sway,Other
Viennese Waltz,Stationary Lilt Step,Basic step
Viennese Waltz,Natural Turn,Natural turn
Waltz,Back Whisk,Ball change
Waltz,Basic Weave,Basic figure
Waltz,Back Lock,Lock
Waltz,Basic Weave,Basic movement
Waltz,Back Whisk,Basic step
Waltz,Basic Weave,Basic step
Waltz,Chasse from PP,Chasse
Waltz,Chasse Reverse Turn,Chasse
Waltz,Checked Reverse Turn,Reverse turn
Waltz,Outside Change,Closed change
Waltz,Closed Change,Closed change
Waltz,Closed Impetus,Closed change
Waltz,Closed Telemark,Closed change
Waltz,Closed Wing,Closed change
Waltz,Cross Hesitation,Cross-body lead
Waltz,Hesitation Change,Heel turn
Waltz,Natural Fallaway,Natural turn
Waltz,Natural Fallaway Whisk,Natural turn
Waltz,Natural Hairpin,Natural turn
Waltz,Natural Hover,Natural turn
Waltz,Natural Hover Telemark,Natural turn
Waltz,Natural Hover Whisk,Natural turn
Waltz,Natural Lock Hover,Natural turn
Waltz,Natural Pivot Turn,Natural turn
Waltz,Natural Promenade Turn,Natural turn
Waltz,Natural Roll,Natural turn
Waltz,Natural Ronde Turn,Natural turn
Waltz,Natural Telemark,Natural turn
Waltz,Natural Turn,Natural turn
Waltz,Natural Weave,Natural turn
Waltz,Natural Zig-Zag,Natural turn
Waltz,Open Impetus,Open turn
Waltz,Open Reverse Turn,Open turn
Waltz,Outside Spin,Outside partner step
Waltz,Outside Change,Outside turn
Waltz,Outside Spin,Outside turn
Waltz,Open Reverse Turn,Reverse turn
Waltz,Reverse Corte,Reverse turn
Waltz,Reverse Lock,Reverse turn
Waltz,Reverse Wave,Reverse turn
Waltz,Double Reverse Spin,Reverse turn
Waltz,Double Reverse Wing,Other
Waltz,Fallaway Natural Turn,Natural turn
Waltz,Fallaway Reverse,Reverse turn
Waltz,Fallaway Reverse & Slip Pivot,Reverse turn
Waltz,Left Whisk,Other
Waltz,Natural Pivot Turn,Natural turn
Waltz,Outside Spin,Free spin
Waltz,Pivot Reverse Turn,Reverse turn
Waltz,Quick Open Reverse,Reverse turn
Waltz,Reverse Lock,Lock
Waltz,Swivel Reverse,Reverse turn
Waltz,Turning Lock,Lock
Waltz,Turning Lock to R,Lock
Waltz,Underturned Natural Turn,Natural turn
Waltz,Weave from PP,Other
Waltz,Whisk,Other
Waltz,Wing,Other
Waltz,Contra Check,Other
Waltz,Double Reverse Spin,Reverse turn
Waltz,Forward Lock,Lock
Waltz,Hover Corte,Other
Waltz,Natural Opening Out,Natural turn
Waltz,Natural Spin Turn,Natural turn
Waltz,Natural Top,Natural turn
Waltz,Natural Twist Turn,Natural turn
Waltz,Progressive Chasse to Right,Chasse
Waltz,Reverse Pivot,Reverse turn
Waltz,Reverse Top,Reverse turn
Waltz,Reverse Turn,Reverse turn
